url_path,views_total,views_unique
/EarthSciML/EarthSciMLBase.jl,5,3
/EarthSciML/EarthSciMLBase.jl/blob/2823564654929114544f527c837ea24f82647ed7/src/solver_strategy_strang.jl,2,1
/EarthSciML/EarthSciMLBase.jl/blob/main/src/domaininfo.jl,2,1
/EarthSciML/EarthSciMLBase.jl/actions/runs/15793258293,1,1
/EarthSciML/EarthSciMLBase.jl/actions/workflows/Documentation.yml,1,1
/EarthSciML/EarthSciMLBase.jl/blob/2823564654929114544f527c837ea24f82647ed7/test/solver_strategy_test.jl,1,1
/EarthSciML/EarthSciMLBase.jl/commit/1392c624f6d63ccbdb5d0852b8b5130baf57d4f8,1,1
/EarthSciML/EarthSciMLBase.jl/issues/117,1,1
/EarthSciML/EarthSciMLBase.jl/issues/15,1,1
/EarthSciML/EarthSciMLBase.jl/tree/main/src,1,1
